group1,group2,group3,group4
0.39321986906999523,2.3047454916416634,2.962403870452547,1.5126121882161727
1.7606817047594947,2.212080202779304,4.42775757456863,3.5155528527165973
1.4730687820804271,2.9506304471707643,8.408184243510432,9.1339541290431
2.2113134979979763,1.1720877843551059,5.43875608007745,6.019175557210897
0.8320615772228056,6.214505591092115,1.1061036710193881,1.8716653944523782
2.997641785692979,0.6503168295962901,8.680047917101044,1.8799215599341315
0.4870811193530877,4.724162298328362,12.452786181208495,3.4333664008831435
1.1534318686938692,5.904937540809651,3.696125453694898,1.3657336835097342
3.3561637901002683,1.2757676454034212,8.488643009858762,2.41018939899668
1.7007571414570575,5.9975062368964265,3.4022655897965843,3.6290439903550507
0.6749377916088354,0.5950806467808821,18.6293666846382,0.9595713280872339
0.17900424229871836,0.46900900905690407,15.670448554062542,1.8048756816950897
4.03575627250924,4.402415957009137,4.831465309692681,0.873746449885497
1.6240959074015484,3.1389339568678216,2.3979419021030366,3.374762371361628
5.78160900376961,2.331105704675693,4.203814020373417,0.8998784707661054
1.8704017431060147,3.3087541450256914,5.895567568010918,1.1693228620674674
0.4255239839412862,1.216981362271456,1.636148687045448,3.9552486071092097
1.535714125955373,1.4963501340331864,12.92661864794845,2.0000086324097754
1.4312101153821553,0.13297843527584274,2.4161240536411523,1.4204285945453274
2.024489210159905,0.9905989933679801,4.808396687652578,2.7609878810831088
0.9452060645758409,1.7815901608423257,0.1715549324757235,2.878523509549621
4.767803920735064,4.2110534710419945,5.97836140623863,0.8994658955095962
1.171034535236126,1.5811471271721065,1.7398307273367966,0.6098621054819697
0.9309715576614058,3.0261572246921626,8.298564139393216,1.5797072598869422
4.181148585244694,0.9546024549463566,5.968575057553114,1.078529266888415
2.2969595356191927,1.8686904890490075,0.496455692753506,1.6375834192171288
2.521810120943781,2.361534612913165,5.098815566387375,2.7280679483179426
2.6566443730935854,1.7204688946584112,1.8701709833420401,0.703262689540514
1.930161946180498,4.097614490078608,6.636002993518315,3.9495853332244466
1.01285710154783,3.9350677622795245,3.8581896050625364,2.6797927060230164
3.0949909585829545,2.7459241357764332,2.300733586131965,0.17347738973185806
3.0794415060512867,2.0488421504151173,8.891216392639377,2.1813345462216
0.5331623586031192,4.04797977673875,1.1390540737134738,0.5441357042423874
2.2782460548543173,2.197432279761479,11.708831545656524,0.6600281714660574
0.3615989544427672,0.7239487851325047,2.4581290571577927,4.913291560166176
0.11270873823298766,4.619762213112314,10.877031426881121,0.573171265702605
0.7301663802129518,3.875401212459971,7.816742677647968,0.5229084748425088
1.2965088576469495,0.6275670329411547,2.6104267379480763,1.8523300028857834
1.1597305353940044,1.8109932008816625,3.1443504459849096,0.7025771788795708
3.963912595085407,0.107861858144489,5.374858301593842,3.9091672929143546
0.8993584726665934,0.808148614190486,1.5720084545874842,3.677129027420114
2.0351183876544288,4.233018447506595,5.575208165825647,3.996219360213508
5.259225885017362,4.232521074663788,2.759156432839969,0.6401396009830462
1.4250899622629543,1.2332145116437565,11.317619756793395,2.683494121050664
0.8820898850074487,1.9252861922366125,10.452051764086875,6.410191343199991
1.7686025355736124,0.5315968204547687,7.5731891761475065,2.679031984963175
1.2071781676921922,3.9068223645844764,6.4208907902972765,1.273260864115983
1.1084708687480977,1.416389390846339,0.8832338284872974,0.9031308329618117
1.980815369752956,1.6635666558623465,3.526209542023474,4.092289537934157
1.7628074785907304,0.3481220770520827,3.0163779251235425,2.8582663185996777
1.3877646952946463,2.1814802226788674,13.773283149574194,4.7056686341560425
1.795741936894976,1.8887778161816209,4.358192978217941,7.1844144658310904
1.4526011702263921,5.601338154719686,11.349496119180886,1.4809664918713072
3.3109337348970165,1.4296698498158864,3.4270023763543715,1.7194109150730272
3.341923894136487,1.7984430178649107,11.020856856514113,2.057027947840054
3.0949551330352327,1.5447506140850533,2.3488999784264264,0.22347663107950944
0.46158243970024226,0.6789954226378304,1.3141482821785497,0.7394673153097414
2.648395242146338,2.23059133966173,2.6687381319459687,2.695607510749068
2.1640835566185586,1.8807927911834952,9.586586133536665,6.7628048127182065
0.6329155072213948,2.0548086619578996,9.661988869008706,4.192191841514194
1.672669906347255,1.7035816280701508,9.515067949718459,2.080811614975169
0.8389816124957838,2.3643026290885825,8.53303735083655,4.595727555275709
3.16848979163126,1.8327005127335247,9.86226113742044,6.949815944274047
2.801395749796604,3.5307794185731276,7.018550345205709,0.005653238314645972
0.3783061658914836,5.649796954144105,0.17983375885503466,2.275297676517185
3.862167176269576,4.2651852070503296,7.7791559800723356,1.5018009760204962
2.2514147513339755,1.2558151668575626,1.7210921882062558,0.4211905803331346
3.1606268862459173,0.7562312675565642,14.463661177881175,0.8462789526530459
0.9311400079833276,1.2416641158752049,11.334036516979785,2.5040238248298796
1.150699889837157,2.664988810536606,11.327048635771266,3.7059540886590185
2.156783863171605,1.1205531846900552,10.20858527216358,0.6863952072690012
1.6498925451863389,3.2160618032697355,3.6892589268300795,2.3719582675525843
0.8412111628891937,0.7841943729443656,8.421417041253452,3.9824038113434836
1.7678649832910807,2.1437910803628957,8.20103191699205,1.1083894331547632
1.1020880091446226,0.753493720211652,3.5508931578696528,4.522265184696178
0.88584204751984,2.000072478046181,6.285864249065995,4.491080205352312
3.984910371260521,0.4046207626459591,1.509317369547857,1.6739307738302336
0.9400899581375979,2.187669070800889,21.652601864814134,3.214207989145259
2.4093269647670565,3.593410079393293,2.162958720364764,1.367988504861692
1.3362645565291065,2.5021445635796997,4.373549220606318,4.084577076448218
2.657000678244394,1.3464242836009348,11.305138691424766,1.107605515259116
0.7677111891348709,1.3860779463267079,6.405057906739515,3.3721043992260054
3.0197928180921654,0.10340658260186258,3.542799085408255,0.45930517028631956
2.1680502622703246,2.7002798604079334,6.651132754299301,1.7437378457903754
0.9901571499599747,2.220778817113604,5.333103438881574,4.823169183391311
3.2142454079850116,1.4219156629772143,3.586374693364051,1.010814401798022
2.288780213799814,0.6756638770983049,13.600098844216447,7.307316345862107
0.16719343537982118,3.5070216307060043,3.6922724834594516,0.5129315983259684
1.2406173047154296,1.2399209826691975,2.568929828613978,3.3696109916162365
2.7324595511423286,0.46658517152994844,6.000768228009351,3.4327543123690285
2.9335297216962073,1.8228519827409437,2.0063544834975544,1.465395040746028
1.8278460722007959,0.8354996846193435,4.511285768543764,0.5842498971446954
0.2094666528609111,0.682861447775076,2.4988424141504395,3.0635041425350575
2.4513888743538876,1.8020767761635386,2.6551590702365617,0.6867252840340878
1.2823162521644091,2.176382131341929,5.6268617989743905,1.6846600693682214
0.7170066662430712,1.9456580475431322,1.7394705802521346,9.690524673188346
2.576856877562852,0.48549988145139567,9.861178515136316,1.5465165910225933
1.6924855699038954,1.3903169341951338,3.159082398690059,5.069630949535648
1.3912403274442107,1.0546304236175243,4.349209346768472,8.964644699112233
2.847674523109766,3.365238322078746,5.625030539404566,5.776938751185198
0.703477544566029,3.663706521367003,11.488319740712774,1.6062387015890942
1.4563760959619154,5.615358315767502,4.763912744779766,6.362168080441762
1.4580328414394252,1.3600493614523328,5.623756749819148,3.1286884296228235
1.9304706817368715,0.266951693309309,0.6745823983217236,1.7272741538222662
1.1354335918254546,2.549765776083984,16.057513353883596,3.697871456392023
4.022814966539592,0.4277737036828152,8.329288823571538,1.7988184450489713
0.568453117473425,0.649669525642178,3.39678776910908,1.7385499060792955
2.3975063682052102,1.6029591418612192,3.2565385935190396,4.6323510716301675
0.9102994038046114,1.6022435195758444,10.517997263972982,12.334694642848838
1.5804206244741685,2.1196802331778044,4.336033396134194,1.993204787570777
1.5207752792575302,3.4270054694632157,11.181956107883796,3.1639107370298527
2.878741493538769,1.0226140561134451,10.061578032146954,2.3117756165149608
0.5876147391876059,3.5974943240196033,2.516300907936628,2.91601221558871
0.06338543293459017,5.854812584144879,0.08379167003608083,1.1273243623931353
1.526699466480585,1.25570709413177,3.8685463513857865,1.8512101882917777
1.990232579547335,2.9648677987099483,0.1338343388865223,6.279093423219845
1.982267227965231,3.2145626265968588,4.558660877091141,1.8508137844918737
0.1424722751564039,3.2428782886857372,8.15072733675768,3.2832471016601597
0.2845837141167931,2.1129672775697763,6.332745150921834,0.9627454519036518
0.5703988019877735,1.4587416785603922,11.495533055837896,1.5668931620075743
0.7986915575331645,2.8872493314409455,10.587289820660096,4.238001918060283
1.7191820693850524,0.15779270140059234,5.560922520700537,3.412451037805149
1.2827896098694433,1.760994969345263,6.427011998976507,7.4786752480469305
2.789063399029775,0.8547496749002653,7.01377787434334,3.929000917661379
0.7698916153343451,0.9469068188826667,7.435438187382557,1.559172293262318
5.400987550376656,6.657364353272767,5.787647827668165,1.088765832707812
2.8439189874837583,1.4205360918988914,4.823756142955005,4.697897428968099
0.9188878720238149,4.268471820113344,13.324472014574738,2.0840314594782265
2.7618896682198217,0.8045230028761631,10.59296768513917,3.5808977715265726
1.7122092211791962,3.073342121106347,3.7629780980330523,2.523335186261426
3.0623452012674948,0.10783529354501795,3.508839874433042,1.576003571234192
0.7162756793753688,4.943099963579441,9.433337305387825,2.9139216311614127
2.2808442923848573,2.1424080965134573,1.7482731419806337,4.361304274244965
0.9505357464725184,2.803039553362953,1.7066662314328187,1.9048503844389915
2.9356280726356263,1.722339366990617,2.1768613459586406,6.862345322169798
1.0145749222890064,1.3297557060835317,2.452263595706049,3.8776147270542642
1.4527804336319585,1.1708617911654562,6.232302595392921,0.9625589632520437
1.9513129608099478,2.794588765021854,12.828770503621996,2.1424257192075564
1.3021591839806586,1.205013251145101,2.1985511411306398,0.07760529022962759
0.927821898241356,1.580941632759896,2.732609851033925,2.3148314524242517
0.7954728125224559,3.9165955820661464,17.557906860210434,6.344583017053285
0.6377098173005629,5.204010625343163,6.63292118477184,1.5530989436636924
3.9482494382049147,0.7642068517942839,4.3163439001544806,3.253972090390034
1.3262745115594519,0.1679557648019983,15.25204839985244,4.325650940087301
1.061115899775866,2.3645551479477853,9.820022711639073,2.899408846170225
0.5393318524237631,2.082611752044012,9.163822635807415,2.8111971396465596
3.4031386875652325,0.5401650430070807,5.256798480291799,6.218795555653629
2.1047829297357796,0.7212845359561868,8.733931614099134,1.5436935944966215
2.279073328826088,1.8206034184944098,2.7252018234121573,1.8222780549239679
1.2670380258249683,1.3125272686839269,12.469575825884768,1.4386254083228969
0.4617704772234747,3.121970242087905,2.630641004555629,2.389792573595908
2.652520937333929,5.371814492304369,2.5786468114013212,1.1523221979719085
1.3034618361361252,1.5255762133346982,4.296738040405982,0.769594185271732
0.7222855594078577,2.683430475848469,6.883435527839248,3.8816416438551693
1.9334961862233395,3.0553978464270997,1.1768424509810482,8.775887084137144
2.0672159846702702,1.0192786411126251,1.604710998108,2.7273661444856616
2.3337932287315395,0.9678654133008959,1.3809697519783877,5.76442241451193
1.4125851542008088,8.98986539164365,9.754382141119658,3.7461165683537248
2.160450226804957,2.241993636943797,4.5809915706820465,1.720276341039553
2.012608284950325,1.6842171351638544,10.36058708555762,3.7528458415937327
0.744650462890195,2.1425704568934627,1.8524789516599012,6.071846876080809
1.9928540159896666,0.7679631654000121,0.7963513290784676,3.3084128185009107
1.7035810745402145,0.9938910451336501,14.667528515596917,0.8620980205748275
6.386641464334617,0.9646032855686582,1.0436521772522234,0.3932238313362409
2.414744327447027,3.0663962536147786,2.46620671411009,1.9459844798413286
0.7163644921807164,2.05679258846367,3.6678808120433253,0.30667549231925184
3.5161788707575865,1.8629361735557102,2.9135592486798867,1.6909630000925389
1.3260445956390923,3.1425761942774364,5.465130225001534,1.576472176099891
2.042249278375823,1.8815705393334974,6.579241183846923,4.676617306969976
1.9843404854182964,1.3494700732007205,11.84162350784571,7.393086480299473
0.7197942705790286,0.3350247828006863,7.69999377049396,1.613203282096508
1.9096827261311222,3.4003611778442466,4.917396233910324,1.5339751587415331
1.802393330308598,1.997970412885766,1.960878752586198,2.2278079784173634
0.673857313346845,0.41918484095099584,4.510689990589446,0.5575990736614392
6.487831830306913,1.278251800254979,7.300568691125974,2.7105692142762012
2.894793378418539,1.787687096880715,7.820836475107861,1.648936093118761
1.9300088759234029,8.307428823605475,8.206204737814236,1.8133982923562368
1.27123615154133,3.9562149624387697,5.962584968687872,4.981906452590586
0.3554936353498958,1.605461890862836,4.050011578052667,0.6495689740695969
4.336342543518551,3.4012631131769444,4.508696584102535,1.547370678727576
2.491698135698763,0.13414125933215917,17.85853519154331,0.8347224238230042
0.5213190003772223,0.03711523533320791,10.297829908255935,5.352793901540884
2.552736865425651,0.8106620115057965,4.013280775563238,2.159663967486868
0.532866288988539,4.327664941082977,3.1177647952782386,6.345737194111674
1.6475485660346976,0.8401339764779681,19.304904249219053,5.139084399903802
1.3504870957819064,4.865892507299167,5.7094903535618755,3.979974359511758
1.3502611257692354,3.524328626086119,2.9219519061703614,8.998663195640411
1.8500757215494557,1.839338529978594,4.192560576513513,2.871279155052697
1.7542180932247253,0.46063934590589967,12.326327016594988,3.4596696565420846
4.603073255543436,2.334651572460206,6.7274211676614435,5.274150411386782
1.3916214467196395,3.0473214587420467,7.562378431476182,3.9968894558413552
1.6260319543717738,3.4261274878585155,5.243501063422476,1.8502387002802652
3.0061339841028296,0.929370301955073,14.095051743100644,1.9297621564895517
1.3037159444761564,1.144121436789235,3.2251981032315387,0.9033099225073179
2.127235941756199,1.987111076495333,2.683283369815794,1.7069999008798311
1.527247733579487,3.5820142065313676,1.14164857219605,1.2538348989592913
2.1022648582386654,0.758089213137571,3.2486236998591917,1.6314491922717176
1.896452096036495,1.0141601524453039,1.2094081442226918,12.751489527330111
1.346211506082132,0.34762286984190865,1.3985794532911622,1.442626056083539
2.5956557540709153,1.8961805006993238,9.254795763651323,3.0115412275534927
0.4761340093877678,5.517112118431222,2.882381312311734,3.4193895188601013
2.840068855170366,1.8412211010572233,8.407072351777366,1.5142574825924617
3.554026142529922,4.603965249961099,1.5838073116313125,1.4362721620347598
2.300474977096451,0.5507377011469285,11.767103422929697,9.91547685102769
0.9143332857723168,2.5618788297533728,4.988694069976429,0.9769907092617547
1.2579070817391589,2.1512726998486573,12.269434976884948,1.8090289629790721
2.774306749245358,1.902333972370343,9.836250503321361,4.477041016794754
4.581454411069442,1.7956905987012994,7.666470763335683,1.9673146337693095
1.8652089931702232,0.4667668834069643,0.9166329906383731,4.15572184586895
1.7523170013598877,1.73860525680588,3.057681688827121,2.026173045336062
0.8428680033269911,3.9298457409076257,7.948449498037491,7.290340955912905
2.9877414325938507,1.687439295593523,2.3206462141561603,4.213587882502536
0.6605510821766235,2.5154024541644966,2.280529336731822,1.892393659037877
1.2315413593435391,1.1523976900248822,8.211734818704086,2.743587604208172
0.8394680301011502,3.929991946592874,2.305559119384538,3.3524454794279914
3.179750730579678,0.9381147103521502,3.941161321076812,0.9203943199046345
1.6489239063216954,2.6584128135807887,1.8631580156613043,5.120107041974659
0.9234968878649338,0.492311232694837,6.556552766218006,1.0562099642417662
0.4372121343357324,1.80662211243487,12.036014473602334,2.461664742767591
1.5222162151126257,0.4563028259269637,4.599860058991592,0.39111670435447704
4.046683031303101,1.4771862749708609,4.695749049438827,3.9110968696747994
2.3566621420280653,1.399255942779598,8.642305821693535,4.791359571356423
1.2219563909447106,1.0594704064103493,3.154421049874806,5.559818507095618
4.596490411633487,2.7284257771643805,1.0257199075846168,2.445316956903753
1.888490964639031,4.881153767032624,3.459773630250207,3.0091657554046627
0.19644400609796883,0.5572731351794458,4.1168668018515415,1.3119030348237428
3.1836138269731076,2.3589736417892104,3.8620695038992037,0.33103404257228575
2.93803000230534,0.8344209843312472,9.44904708172485,3.8090669298663284
1.55566762223533,1.2652557882500381,2.956607131509938,4.280209221222112
0.9026397639089381,1.3025776408841725,1.7597268626727187,5.166536508562179
3.095853911862026,0.5342151251076426,7.396033961565461,2.5079778640110106
1.9301404086838168,1.3014234053794123,4.070424081644595,1.9664206614939808
2.0593169880595683,2.8988950255367714,10.414559809394504,0.09559170011061158
1.7828633985101983,3.0324053503044723,10.615891220677607,6.707106400273097
2.9637090578495418,1.2043531077354908,7.1340223233335,2.661922557885913
2.160333760044318,4.1016570137605575,7.3964144784202634,2.2558482500679586
0.6008976639493253,0.49845861053142176,2.562156803678248,4.308597505470109
1.408546577758543,1.7564127580630644,8.368248335569278,1.0980820865983434
3.1632367588241834,2.5336312881155507,5.940183920362598,1.689225022388641
1.713987308553838,1.1496411134353326,4.113284846091296,0.14955400154082418
1.2344754384773284,7.6641535081454215,1.3275122166536144,2.7321282527044586
1.7243607566909147,2.168721900866661,2.08105829950087,2.235751654774144
1.9747947488746274,4.651087532300604,5.055727398952516,1.871727422056471
9.357830356118622,1.2836274428411332,11.624025518575278,0.4839800480209481
3.844128191870251,2.403438540773841,1.9882992031602866,1.7010026343382827
1.4922890950747447,2.141042990852997,2.5401167308481365,8.014347878724038
1.4241713590684613,0.6901015345257121,5.3746665566452165,2.645959302131165
1.5031118161711567,0.49231291323037046,6.521082586278722,4.288691174793016
1.17690628898771,1.1483909742730487,6.202865958436332,3.172117626171211
0.9718289266132112,3.5160611412760674,10.901589294585754,1.4604334707691466
0.35550411632908197,2.125265425276129,8.175766797855683,3.1177798795808496
0.697901116213468,4.0003253379369825,13.261265867900491,4.51325333895849
3.0957436674500545,2.2481733771112067,1.2478057291018922,3.572160886390087
5.840418097409822,2.0316566110144123,3.6780420352164036,2.3347748381837956
0.7329136127987256,0.9228543562431152,5.161930791407608,2.0762416794126795
1.320509031865356,1.1839823880856268,1.9808783977622086,4.435877550498632
0.5708492457551411,2.0842359760151177,5.915673518763634,2.4561729371089887
0.7146553548190829,2.3084452830568227,2.613500635956982,6.941098144115454
1.0040436320685824,2.30761712525399,6.470685797718586,3.568326703161745
3.8849854790049108,5.80557528827494,12.499274246014256,2.343436018076681
0.37434553799075454,2.5347103571553515,4.01298336776609,5.836282639137181
5.768066263340735,0.655164559302847,10.29669532992868,0.24491011410950525
1.458260947132656,0.3686361355572427,3.9335223135096555,2.9881104789510595
6.155328290807681,2.146163494048891,7.590183819781714,1.2496293567855528
1.0828073915230148,0.48360644928566454,6.216103133207705,2.4266040153291324
4.948332169977357,1.2519658145915633,1.892768084661652,9.857706322951131
1.7716626610039765,0.7999898436496189,6.21789638663225,1.299949749076931
0.6499516583485644,2.8443007927795665,1.8654086973503086,1.2015767630753063
3.5934073015382912,4.857378110455574,13.47796698656895,4.2052106069505335
3.291024660529771,2.1287516494075716,8.291207188006027,5.707872432325248
2.36428139451695,5.22435186412034,3.544526935043434,10.39545574948946
1.1123829204222633,5.290100654453981,6.640813893169996,0.1352512594552385
1.4932729807021874,0.21480883902390624,6.836444118406622,5.187580228048318
0.7392579034651482,0.5941911848454687,9.138167649356376,3.6259482628287474
1.2264295824474623,1.1225675167859892,1.0008651580436663,4.136253753980074
1.7652968492771826,0.40327473032559363,2.334776768829003,2.1993781845062004
2.9702754248155423,1.9127435163032223,4.601891317379398,1.3989453534551823
1.4298165925606554,0.6756117831038554,4.3981122555023155,1.1017467320405718
1.1916973640561959,0.6887873641345281,4.0655430861050945,4.8342171033380135
1.5376692345767067,3.3852560846118096,1.184233075724447,0.9729664847504746
0.30317240366317494,0.8802560776366447,3.4015135182758813,0.9560696616882092
0.7369413190380665,2.8815438078088125,4.728095259623223,1.598616528882218
0.6551588118347494,4.362474964859105,7.426425504569632,2.9066638917994565
0.8308803442466896,3.843747287267167,2.049948737170874,2.9443205135174138
1.7379273633851564,4.378206258011726,6.5937304961893926,1.510869693605791
0.7336988102234153,0.5736015837539093,8.255574629525059,2.1052920745421115
0.567873576894873,0.5194247535749424,1.8297384444287763,2.000134400462798
4.2960625431743695,0.643246521801389,4.464927444570873,4.2034952680501565
1.4212433421563175,1.9098405966052368,1.1798039297762322,3.4576076595795
2.1544641533032545,6.12287070845451,6.132211729067968,0.9061716230891086
0.7670721727225089,4.373607396847006,3.478524910876419,2.9702306224228803
1.902598283906589,2.059932877697928,1.8850623522003747,6.852385256939913
1.0992155868744957,0.486745926484598,9.391504387871443,2.3548673894371026
1.6594398290086714,1.4456681368405422,1.3262058269731678,2.095126614531602
1.6091453223644496,1.9768363469698884,3.968948237489606,1.7986501289034353
0.9889010002996024,3.068738321701357,3.6001373838394106,1.5087975085680467
1.6087568351069668,0.47369612607445916,4.013125047480601,2.390485055421595
1.563842347790705,3.5641164117175235,6.699469588429692,4.707312817059386
3.4674850797229313,4.302464016906744,3.7176452176812873,4.197200157138422
1.8864005105431907,0.8151901215570966,4.693642472658994,2.5577775832481136
1.5732790360501543,3.0616056027025014,17.143217974069103,0.8363305996400073
0.48305934143096696,0.8523510005552419,11.551281498957684,2.5646308276807632
1.3338128756494776,4.215641209387756,0.9825075555529943,2.4084369312064
2.494648679954954,1.1633341785819933,3.0719463923117676,1.0311855872364855
4.350897474517846,1.5983881768270214,1.4485254046658187,4.228844628601435
2.514341856294642,3.0658087479473735,1.1705230780798654,0.6630938984916546
2.111131541818407,1.6432273184383361,5.458177671071633,0.37328098881273336
0.5523968184638158,1.127444183095549,1.0335378716916803,6.403535419989003
0.527032206023067,2.481801923365536,6.822491570101525,1.0214676849588924
2.1986006711914245,0.8401783471676211,3.755125679281778,0.6867500325774004
1.6611613871536304,0.5787036080351926,3.986259820444497,2.0720218459122286
4.206915034386346,3.1021810355809216,11.612203708932977,2.3297853905760006
1.882459022306096,1.7953364541864951,1.1628455192697191,8.5591819971304
2.3179646736595507,2.224895550980622,3.21319147390707,5.596146240385356
1.9916008606213065,0.2366551311927071,25.141801662695364,1.923929910439921
2.523351582255915,3.0204085164465306,2.986360036778791,2.6046962248823182
2.159282345360944,5.253634173388199,7.44379498097616,1.8324475384455137
1.7801856290705746,1.4263143469612352,5.763681018881346,4.143957836237759
2.8394784016520154,4.516887066755283,10.44176514612579,2.415612948383849
2.548950012430879,0.18082534183282536,7.18581139177019,3.8520176805266306
1.0979510981882723,1.4675548585694522,4.0529769588250755,8.404127358579322
2.5705403843712156,0.38117636237166064,3.0228721229882174,2.650584300340551
0.5010642538170295,0.47887968784569523,2.6239628379666504,1.6737496079253869
0.8366729280433962,0.16941154463405936,3.1706917771065815,3.717396876154288
2.4198994100531377,0.8105931288486279,5.737930005789748,6.612840486760765
1.6378337826883238,5.3038463353932945,2.9148402199549386,0.4487322289365176
4.000023911075758,2.3636388826930004,5.484205139325062,4.1999456302066465
1.4881057967743188,1.0501988479049131,2.2220274152632644,4.931848548724896
3.4500561033403354,2.1255511939233718,8.48261220285826,1.802890422521041
1.8335054090673595,0.3586978365216717,11.782825601914848,1.5520152227476136
1.5038297555291817,1.7926202636956772,6.245965820463599,2.106630778688424
1.5669445407647842,0.5656575639363415,2.8995832343356645,3.231470235131722
2.760089158294428,6.738321666017776,7.847718150025032,1.450648576986064
1.6519707625398559,1.8305420399603345,6.3685966224729285,2.4103319999953454
1.5865794376506814,1.8188676459738116,6.477904499198467,3.0873536621711093
1.0011289314957206,4.428163305299057,15.91872116989881,1.3823618977332663
0.4865681487579082,2.7279934932507808,6.473103309996395,3.77471774133873
4.507878364130321,3.443487648168599,18.85938797581027,1.577125072466183
2.770105236641533,0.21918629288433158,5.436602288430799,1.292972743677969
1.264624135728637,1.0638070561345196,3.0155966373839593,7.838342046902444
3.6770112138390942,3.802639630870412,11.616915346535702,1.7595184729476583
5.016080571697211,1.9110355204528817,9.614492063546098,1.1439857191480292
0.7826019268537038,3.6603157471351677,9.496610174093174,5.262067798180989
0.952978895379345,0.9799338470050164,5.698350904206478,0.8844046075693013
4.6480423960402035,4.619034170400544,4.110305332124818,0.10547392079579887
2.893690393320418,1.5472973991146841,6.917740986938995,3.017925669732696
0.46703841951502273,1.5473720634854766,10.250595719905432,2.4114325320154046
0.6681666343845973,0.3307746998776804,5.6712140040892525,3.359310542260853
2.8038526237806454,2.571151433905398,2.552528306698618,0.9052398481234335
3.554402802247149,6.41237460101736,6.613371271545809,2.0122947969109326
1.9563098393246023,1.065610317195703,2.753188227733503,4.793771774875564
0.7769187295610969,3.1040232323429877,4.055194316745177,2.4200405710167505
2.3361477246282845,2.1628887036782745,5.505162525618496,3.795371279793379
3.4709512924950623,6.433604434911017,4.082601884501772,0.9414966868718828
2.278919223172296,1.5291826974609626,3.6333822767705266,1.3027782408556012
2.152842631860192,2.6989066862795017,5.88109686994607,1.921325578636613
2.1864750147107674,0.7230535101369489,5.331051082268558,4.123970624132129
0.8736602580533203,0.7282807401320799,4.284331320780272,2.2030155842477304
3.5907419555201057,1.0146553123447841,5.020702853927622,0.8081019817637973
1.2561032605128462,0.8235917959647221,3.783671373309427,2.250667148737733
2.2555472332969395,6.670257033109803,2.7566026752872226,2.8107218741278834
3.372022648454518,0.41020544370229806,12.845344604008954,1.9653063452172996
0.9502461840498831,0.5612326274364565,14.675946555879076,7.479086814877345
1.9535450638410445,0.5618797116199831,7.4400201852560475,4.354772400607573
3.678176400013504,1.6553594701047334,4.947650323558641,0.8506863901046675
1.6082059030713889,4.826857191485815,8.178892195518756,1.9679016161460892
0.28463926335098094,2.2626540123937886,6.752537819058322,5.6848445253533555
0.2968991450179999,2.5088056421949907,11.109920189037794,3.4520329436088044
1.0733431537036615,0.6647614122766247,2.516688712914785,4.296797492877243
0.6015050928663241,3.1444164174008753,15.768113565534875,4.415758554918879
2.49631015220046,4.415608283074577,5.354648513149558,4.375389648814509
1.8954953334099465,2.501316389673794,10.244188272156475,2.4643092082891864
1.945192517419188,4.481759756231826,3.8080935606265394,1.5702442959840504
1.8709228587859417,0.8333790836636616,6.204870918309344,6.124948710630463
1.0856434692267216,3.3222261723098154,1.8210079775558878,1.1714933169855275
0.3167265359109947,0.09209352496084222,6.568849960897172,1.0545804632169535
1.0801926585529333,4.331598684098672,7.994575406284166,7.523069857022635
0.7999954511883036,0.4918504894675285,7.630966247761734,1.0033959286640872
1.2863684946815714,0.6768605097622673,2.671350044164071,0.7226069769472538
0.8557826639528499,0.4146203178081596,5.6113220185301245,1.0206324462661476
0.9927442332629,2.1680411251020018,1.4039573106159704,3.0728683763868125
1.4316226604357216,2.274410097176333,5.160141093587424,4.923196094055129
1.7617374828104997,0.8641297262931934,5.054437336038806,2.6377498246819093
0.5960022449391535,2.0945513257296384,3.2340141187201423,2.413343957243934
0.25576411755656425,5.407040063433363,2.4584590751851088,4.507082346412785
0.8580132380682848,1.395233839990653,1.8581089784764306,3.437305522079348
1.8295815908872137,3.7941701770938905,4.162204832849457,3.116719990006121
3.3294169668564138,6.026631562805531,0.6971140887174594,1.7645210496152843
0.09240081261116652,0.4746748534480416,15.021125735137105,2.7389033139732524
1.8126039857460212,0.8155875592166361,4.307643960085924,0.8001677029297547
0.9963042527461723,0.9044995493938263,5.068319270235575,1.0462745802666746
2.159025608185555,0.866437219534376,8.571009415082646,4.896154897102914
2.1535886900520866,2.092749236576614,12.28797329517711,1.17607861332739
1.9920451108767243,2.7692048178921524,9.38151912666839,3.0850483598764695
1.0907385719118776,0.6835688682589307,0.5909557312620565,2.3065715285535706
1.471601524930226,1.4386604702313799,9.869801845798941,4.17788395538795
1.4473198652533594,1.3535831420678566,5.283001200823618,3.7948737416139435
1.846191573849285,1.4763297546333765,3.0186670272027865,1.9792627264964615
3.057073472786227,0.5437581172246494,6.060023407466921,3.220607057078524
4.839006468703196,4.441645808392284,5.072965694030324,5.847808914173592
0.9023317907751751,0.8541175864502423,12.752112589973176,2.450416045877647
1.845899267674018,1.6897146840412207,1.1337647501034092,3.292382895190854
5.367466905742221,1.0933162831323204,3.664858282545566,1.4169915963901154
4.028483042513525,0.6331043778428157,4.917369157682802,2.4301988543746518
0.935660796487113,3.8240991271394753,8.512365393027759,4.697244294922222
1.8419143838451866,1.0022583831434808,5.818817643991312,1.624383636443167
4.783251087360331,1.6510091625354308,8.484592223635735,0.9801025317070936
2.680347322876464,0.5997624580347954,3.9621312117719283,4.148955516595599
3.506956590277711,3.294987449331629,1.4744310679852777,1.1055414409376736
0.7300444905103399,1.608763745060851,22.427975958151972,2.1613158726100967
2.509913768802083,0.9853333044555356,8.23273826642533,9.170970141195763
1.3307383269669415,0.8765015628645911,9.849685028250203,1.233320562974086
4.451524147870674,2.260190189853852,4.566721621002755,0.7476144132047544
1.3943885823343554,3.3954325788904947,7.260098723471203,2.2956123618863207
0.4447520307153343,1.0243275077086527,4.75598688538045,1.6091427902662083
1.0925351191767283,6.606894478711232,6.000490218756508,2.4298079407660857
0.5472907271588948,0.5002639679316794,4.102078313902962,5.784614554284522
3.376366513127979,0.850968465033309,15.067263190888397,7.471380371160166
2.2871705775166142,0.6055097037749084,2.4876454017269523,4.887046591773896
0.5351575459623515,0.9571056308030187,1.7735249687578776,0.8792850472716229
3.7243180476632154,3.186893400364351,2.8585163699403,2.02225421073205
0.8650095101856452,3.464831234176553,14.20821972099812,0.3754708236873816
3.180751928324104,4.882296328075721,0.9629166384095174,1.2054152228261557
0.5691945053266211,1.3758290739101733,4.181147850225937,0.7087264088179748
3.3731399702742313,3.5562846244539776,28.335493891784974,3.9936810148009076
0.6606015302846011,0.9789747773823481,4.778178996145231,1.4572172809409625
4.199170113409099,2.7548644933323976,4.125014815940425,1.3595309888264457
1.2852865432370282,0.7124944581399159,1.5231638617544077,3.243964664964184
3.4765858665654736,0.929697884025692,7.0373557767293695,2.7737775202519668
0.3608146295059349,3.743709922113646,21.273073042492197,1.6534629333563193
0.638560986780091,5.934249357396931,1.4621280584878489,0.9420895514667427
0.6889460560251123,2.2040502554731827,1.6385883045045913,0.8873645481235946
1.2826851338569736,0.5807659525499672,3.027655678511624,5.810307621258896
2.70190876930631,1.1477888575813435,3.182697703432644,1.6349790276773555
2.9523593567010993,0.7668944384049028,5.0675642243553405,2.3353356732195976
1.8016859843000375,2.2900669012630805,7.8965749575809205,3.623104003737131
1.6877186322973414,4.484830959090423,2.723408153211699,1.051608361817127
3.8051060887622943,1.7940808017543506,5.081310027413293,2.965130795817573
0.8470482500736445,1.2470460877153209,2.6391683744226526,1.980934357506428
2.808177661121095,0.8194055221304374,2.318759286451667,5.716323299794319
1.2046435033928318,0.9611624508487941,1.3071040810787866,1.762133676539849
1.539676812986364,1.5457907313781198,7.555275020314591,1.3448477285542102
2.7153252939822825,0.40990138175521734,7.362716628388018,1.069608896778043
1.3854624915398954,1.4441611877063947,4.1471308031604766,3.060492994191193
0.5966174200788615,2.218986254628911,2.8205105318414128,5.410045704260968
0.5177416428029004,1.902327554483557,3.8121737923970995,1.4734441967701064
4.090809818032114,0.8344246115911013,3.4999642913541935,1.7101386710141964
0.5999443100466477,2.7314213907424083,2.268576526269119,1.3926856805786016
2.252786486299983,4.882733199128018,12.417260934082389,3.2107765658750935
0.6560991841053814,1.2857659641597283,5.4589664529372,3.7108399538907615
2.27915366814198,0.7406611162785298,8.757660499504283,0.3160836106348919
1.9912546200394108,0.3163764689868143,1.882737299318116,0.2590235701303882
4.253353977225349,2.5349640411424,1.7043220434001056,1.464530714128106
1.5410719435414029,2.986199635227031,7.185150163149322,6.744813075234209
2.1313465596134806,0.6677582824420868,6.7900765384178206,0.5633511422043811
0.5866983456269478,1.495347295797575,6.56204941481697,2.2377919981914314
0.29086344138709413,1.6432392238932307,3.088811968007299,5.172803275139034
0.8393525890109199,0.8330841682207851,2.123373335821025,4.781502807987247
0.5984461986437607,3.1807066231351038,3.593730388947982,1.2336053625211871
4.1950549856092785,1.699007187450715,16.81429806329331,2.55412599251801
2.0961069263712595,1.5688194652943517,1.5350076273107305,0.6727585056165843
6.733107834558924,0.46105612305328025,6.834276178718492,3.3965729602942716
1.3548791255013448,4.047232753530804,5.237700972983603,5.967143713156997
5.3672603728434884,1.2079797114017417,6.688851794506423,7.289573968890251
0.32193187731253725,0.7098576168187061,7.272394306471959,1.1300605761639195
1.7392039871904834,0.2141526559611754,5.624031578446362,1.0696836771879699
4.865818472124299,1.415302522146655,5.111437272209972,6.017736060849574
2.083969332062749,1.5347344777281657,6.85910230811454,0.7186427026357827
1.1132537324494207,1.8658019218903543,2.9242584433573215,2.7639661958667543
0.40209499704582036,2.7969443787046213,4.616226049633516,4.033518313504391
1.4360941504018556,0.5975186204084785,3.6543698258822985,3.2838657157481768
0.586200899478152,0.6111463689720916,9.245031993936706,3.6175468811051434
1.8126829356177159,0.9218706103180907,2.6131663198810613,1.5493248492807554
3.197240802888873,3.382162086490083,1.9416797247637003,1.7412626581129322
0.6136929921446517,1.817301214729679,5.541065395839842,1.0073192686939372
0.4880944915242796,1.0006033191539492,2.5457191034914146,1.6028573409752946
1.9526334673854622,2.6437308006195672,7.814504677419042,1.8282366221848625
0.5901297956617285,2.6509804732653692,3.6512634844765817,5.009760670109655
0.8189095768600673,1.9305748644791185,2.2944689432274883,2.393671181164077
1.0201926155107013,3.751941334725293,6.758676731198506,1.653830041879294
2.1117874438558437,2.7216191889193255,3.670126612085855,8.212443090242235
1.3862994716685049,1.9625266322822237,2.7065581731809623,4.906237104656572
2.0362249899195297,0.7200177951903279,1.4922935069974677,5.14201790401885
0.26459469033869465,3.1949324231032312,6.43006116812706,1.2659552762772477
3.985958675057919,2.594528315990103,4.099323809298885,6.0366552904573245
1.9672405878216104,0.46669200561174806,3.0510421630810294,1.7266142915550657
1.506157040599145,0.3872547355504734,7.3778619899668305,2.560306844984842
2.4716904271549405,2.045103766949953,6.319044336167966,0.5537585578751963
4.25868688455281,6.524569496621358,1.5072466316160242,3.6057391913493744
2.2493867066745232,3.336381869577052,12.752915744886776,1.6655086179811445
3.496753520758545,0.6426999049288291,12.351898962068155,1.9843246610356697
2.013926693946847,1.5521027400898542,3.9082518296837914,2.0357906541579016
1.9001227448728042,1.8892645911249706,3.5406659446254367,5.647424534221741
3.923499779065239,1.4335854278015452,8.123368468366069,0.5558561513611026
1.3199972007184377,2.3083407011142794,6.644965789790713,4.8634561398942004
2.76914771320726,2.9940953401115227,15.693257817897218,5.999884377849481
0.6732620257426026,1.3550308134812385,9.619971156305457,9.989413226838165
2.187226727853271,1.0758439210246513,1.0573559361305043,0.5373671564520465
1.7902520231128292,3.6041928219264263,9.633489048433098,1.8532268785414363
1.478238878296351,0.43261056320838737,2.769526598372906,6.3481955185124805
0.6319351705804893,0.915768214473436,7.3512744327476645,0.6451231321771118
1.2414809515826777,0.1076323895756149,15.401544160481713,6.700664753930387
5.080477495817596,1.4410647380629205,2.5442370129485514,3.3921758135279316
1.6390235350783147,0.5070478464214095,1.609117669321508,0.5482222446432965
2.3409954321040956,0.8015835959908567,2.314441979947049,3.6802218540421334
0.9743794442703682,1.1333987744954885,9.175956228617123,1.4921704855702915
0.7347331446173849,1.9094091299357296,13.151549445385418,2.554748792623533
1.2918593716011382,0.4893215244959356,14.281523425863266,0.9113269536654964
0.19480012813372555,2.1935978968355787,8.046315194159872,3.8166798239618345
1.4426596709751538,1.8726754289598713,4.887170799784397,0.8055710419093622
2.0860826547245113,1.0920107216882082,4.336952862029638,1.7995512620551426
5.266175927058233,1.3120261102301927,1.1883889663388048,0.9194212293857222
1.1940968228313575,1.195521826442206,0.2170017751302079,3.4356080159451814
0.07586632478799929,2.8344139926004606,2.720598219484905,0.5921511847404886
0.8184602087119984,0.33746838140315266,0.9452158657130549,8.445035052232312
1.0351314899790163,5.745921251264079,2.9408776656190723,8.445891211815798
1.6226371977812568,1.0940702929455197,2.8705790171274197,4.462410479524661
1.6736076222711647,1.8735552977603018,6.017839923780667,11.221768816578187
2.579238499759609,3.7731425800161222,10.454955042087457,2.038820782953812
0.830981121444697,3.5427127882202165,5.7155574552208215,3.3214271016156243
0.7023203850603921,0.92528521886512,12.263697843357646,4.27300612745743
3.660844502908139,1.3307211743617906,4.297824284335064,2.8798491950301854
1.2387624839129472,2.1703904630767297,12.485247437583148,2.032681198631431
1.3745803898243898,0.6936795275637266,5.883791444322744,3.567077835784219
4.141599441286755,2.473492350355217,2.7298397841244135,0.5767820977728659
3.7053820650408364,1.7439647877909412,7.3309197778608866,1.947255774211507
1.2924391962219204,4.037141655886561,6.611604676059638,9.000791138978157
0.8748047992144555,0.25584008110613915,1.9479720774741667,3.989895076458458
1.8634224277195393,0.6668991308257509,12.996477775268742,0.8052410030394195
1.813804341342362,1.0883323306821984,5.757395373997291,1.7969447655669732
2.3264833449391946,1.3400566871769528,7.510679427550956,2.0295081510229855
3.633778219691275,1.0309393883474487,0.5500880505488721,2.6109105616848813
1.766069401605928,0.9613973794712368,7.159896916133448,2.349732448348452
2.1020377608715983,2.258921337159275,11.818139826693894,2.3239596882647575
1.7060093104009864,2.7570847783636285,2.151758348090378,3.6880129678175066
0.9449341244045095,2.516379203945636,9.907777472893851,0.7968157712503412
2.0254075059209664,1.6925625181326265,3.0204191863121648,4.129220505556372
1.907782899651415,0.476647473640054,3.814648062459473,4.546067062991314
0.8120871097247466,0.7120761849244183,4.982945782621233,1.1369911061996014
1.3697880014564758,1.2601442660679667,6.280337476529942,1.8607404373673444
1.889066664762135,1.2221367250186466,2.3685402195255754,2.4392870156080058
1.6563367863131837,0.733457896741201,1.433859213602806,3.6116323465032245
1.7150148552990112,2.371985496726894,7.357884103941819,1.5560080253752708
1.652523336863741,1.0173447625519088,1.7087189856156593,8.263286910210505
0.8321529176335054,1.7375100629519402,8.67536252981645,3.772409926336186
1.9492141102461558,1.0640940846690528,2.7728226633092263,0.7242011858177306
0.9480266076625399,1.6082219401074207,0.10259833038500164,0.6926890129760693
0.589641746608855,0.6781221591673761,10.270627398170216,10.384424806586958
0.6608786383781019,2.6749880498838836,16.127580741660694,0.6960607730932615
1.3393774154048037,2.1878356047088996,6.310575562980111,2.122351703119998
2.157783934028597,0.9971253852901013,2.473044468793689,2.752843720639827
0.833920184110266,0.8956716718909336,2.8212064384973057,5.600743773860541
1.0390915314177729,3.0740365418775495,8.989443092428752,1.9794983730896472
0.2601525096041078,3.527600178698877,4.977544906629962,5.222345738750263
0.520153640926687,0.953158877215015,3.6401639452796566,1.3081689852311875
0.4260152098882848,2.948528758292549,4.956346714632865,1.3185818022418068
3.280473445106996,0.7882842777277714,0.48267105841498875,3.326246354603823
4.910755742788754,1.5691641432857404,7.719127941534493,2.258291821878138
2.5307563181200505,2.460947351052203,5.8259926122641374,1.2549423123684116
0.7297890336490311,0.5238997988743463,5.857793876006027,1.5008662561387878
1.7252881658885275,2.5581290497492533,14.881089106908334,0.8844861658669171
1.4858361782433087,7.6948325010171414,6.790744563631873,0.23035159597162053
1.5328999835053703,0.8466729919784818,6.287063839596273,1.6215380088309668
0.4412701372105235,0.966479642184858,3.363594337039787,1.4985295461618435
7.104546451419358,0.5226086984703207,7.3240068103645175,2.28783931227655
0.2591550318515037,1.203861255888296,6.976927517269902,0.8262493405758603
1.2443268761653954,1.1882327709080662,4.450037070321071,0.8832322036985645
4.334527616116913,2.9850592442271524,5.870259395039751,2.15482845573817
2.2871134097042867,1.0442885528498984,3.0528164504478132,2.1783979213797524
1.5989491299561505,0.7417627247539033,4.2261344945291555,1.0241290679392532
0.7509445806444902,1.2586277979752238,16.49757368108552,2.305282005791342
1.1724590384979714,4.182543326007226,8.865371985327743,2.584130652425099
3.0948422751312097,0.30113239414557064,4.513143581297045,0.37679014234359054
5.381611382560572,2.932892814363401,2.5641726435176464,2.072088469193717
3.4646902264220656,1.4972986170998817,15.126364920461612,1.2809554548473254
1.4247018201988022,2.075311763671197,6.771275320850786,3.9822642995828126
2.585293153369106,1.0439453370078449,9.479079693594581,2.0721856603289663
1.3821579604802299,3.043638025265751,8.697065450797439,4.272884845385287
3.143684644994215,2.397289163654545,4.001737914186897,3.3832675272528308
3.794292670330078,1.9587158922301084,12.520910523024554,3.0268590593032063
1.486667656231434,2.5175068067502115,2.0370741927385843,3.3697614969246885
2.2145632476832677,2.864260043672606,3.295126536324955,3.1421529441533185
5.03500640467974,4.916059986075462,2.6972730663782434,1.127865039432557
2.381170118826936,0.3549093662945057,1.7783460874505892,3.6932426140134966
4.985169830149865,2.1471977331816197,3.046565871785133,0.38311276611450973
4.246110537041346,1.490558984266058,2.246370145211824,1.9633187737562068
1.2243619329046143,4.098466762796029,12.250526769485804,11.646830036911705
1.5173121465223005,0.9666990804840341,5.157681803438608,2.872471363518342
3.1189264810145647,3.2812795026789616,6.763384478157004,1.7337840453440692
3.0048392017352508,2.2796236827674656,14.554425220151776,1.010293718261243
2.1428746465686457,0.8674909489455089,4.486468728741869,3.0246781069555935
0.8859419474531216,1.0357477964493353,3.8739735742429167,2.5068620061249414
2.3208586996800906,2.056293461209657,5.122428167946929,7.5579876380425866
4.2824430758870085,1.145216094294547,13.367883516528217,0.7879023322498222
1.0027012174777015,1.1711525251218244,3.34833026661323,4.826304249109153
0.6326142708813225,0.9334551278725752,2.0341299656657656,2.456237812918273
4.623780269527006,1.7881800071015268,12.515950491776067,2.5547138783624765
2.2244232604772938,3.6593721627068976,3.263960161505545,1.1643750434278557
2.546348566886302,1.1817705701717858,4.887669110718834,1.6172802310898395
1.149100716109334,2.2539918532116174,7.001332640179519,1.9231565514515734
0.21350117234384672,0.541685888933677,0.9752231949928779,3.4447520102551317
2.4853877350446694,1.0082154040167333,8.23734037017827,2.1377218103401296
2.0288660235682427,4.598303051456073,3.3751139819832163,1.0293481415826564
1.030653648588665,1.5141321048752943,0.8654789552785115,2.6905793138398675
0.5740394301521957,0.4481892353671787,6.350728231327005,2.0935823913931815
1.2589478562750331,0.10747604577681444,5.100330626108162,5.5403841745416065
0.8459496497589163,1.3592616386413034,2.6428124247234246,6.597654877394044
2.8562194173214412,1.2627267442482684,0.5613012531659876,2.266089230398267
1.304187597795558,3.3130116256106557,4.33954905251108,6.196202721731714
2.1124537626737205,2.7639539495719947,24.752597967405805,2.2624867342399946
0.8429412808051833,1.7365185880624554,1.5349803695493716,0.955888855031016
2.047463361609162,0.058498884844216045,11.373534516962675,5.232212348154509
1.0123925570068502,2.848312226036915,3.2912914395208497,0.7452168090971971
1.329983787599765,0.4454011939492995,4.452502534026887,5.792050472004254
0.5163397393786345,4.722003621658015,8.995910504829824,2.201364220338772
2.2541660073388927,0.5553900153953402,5.0421190882862845,2.883323556808559
4.722961866306716,1.6616501231488392,7.81431945966262,3.117846622493526
1.4805345763854632,4.291194624810032,3.6313734803284055,3.691136710683555
1.3004097643440706,2.8731834162847605,2.4404755181419358,1.1082177824187964
0.2820151293984163,0.8880427482403657,13.909720660888109,6.854731032749685
0.5240972089978191,1.418757905582935,3.4261224271753785,0.7938246237416491
3.4744518722041358,0.43415482298891345,4.15852450254329,8.758811392856847
0.37718055526512034,0.6225734675255576,8.036485130319523,6.256728331347602
1.261263425861929,1.1641672529166138,8.061974396842317,2.8854707714842474
1.3334816101000213,1.3868900539278526,2.973967030143673,2.120131306335709
0.647370653171203,0.5936308019647248,3.2019876145517525,6.177777817323953
2.0780302827451242,1.4459844215222568,13.954557667644455,1.4552496604294545
1.7828723607733048,6.001172588182676,1.0104899111257974,2.640951512107545
0.06654762721437524,2.1035548216103956,8.61145009401694,4.966826596336653
1.1747640330889648,1.139483402608243,2.662582597857125,4.487103777705231
3.0118287215854824,1.3081181795734507,3.8860046721634776,2.8440425357236214
2.0804008432170633,1.9391958241371658,7.663345182131184,1.7455053383898793
6.0299658708851975,4.15564325946291,2.5768325134851895,2.1820840611355807
2.2023677343057546,2.055401666796113,8.594616556924727,2.116247563132311
2.021154494078195,8.274321551935229,1.3583438795384732,2.0758944817842218
1.7524177120307103,0.5490795117770457,2.481474119961874,3.9343189015512325
0.8427711279518487,0.46756938712292095,11.733627909989096,0.966155013954225
3.236272739385362,1.4456690931763958,5.590427643313335,4.982200536626944
0.18739156937877202,2.278334210420769,3.2462976227898306,0.5962153282688603
1.2027158749290112,5.513636050854406,1.4996744519386345,2.7550803310639487
0.4012348115731975,2.8022624352549106,4.810749633116806,5.410551708812036
2.4275637038862365,2.862525900585801,8.300836390268868,2.326804918079638
0.9920037897117029,2.448668787336353,2.7162656932422844,6.652399249904901
1.582597944839962,1.6718221583286719,3.9430606170681326,2.125131258551865
2.063824619437122,0.6890516816400631,8.260790640534742,5.901471121967084
6.536243451701929,5.92020221292206,7.301279388568954,1.2537131623383386
0.7702716749198522,0.668533603207488,0.7659616790774068,2.5564602951568
1.7593826144706037,2.9044799747460988,11.860029182036016,4.066192860567307
0.15592739161076227,3.344621834168627,4.494056898121598,6.542285493988114
2.6957145607718163,2.047596101177878,8.744198048921234,0.6885830851488893
1.2208947274797581,1.601433400513237,4.655913450033761,1.7443772128506843
1.2915473283045265,1.0337102902933777,1.9293636196698145,2.7742810274311775
1.6142682542604394,2.970054742424307,2.1630072189729748,3.925386572397853
1.001795461062541,3.213632256165904,3.170083543808046,2.22634220517235
2.35537155058821,4.046860149826959,5.289218708686454,0.8842551372740102
1.953231484461859,0.9406151734719633,2.392922080570647,3.580223042471391
0.5940770231847159,2.3645477424463124,4.0498268287152985,5.384063930739652
2.14200642347363,3.372099083443015,5.696947874769954,4.549560968379335
0.09254234227780918,0.6190964982896812,4.5287782822675595,5.383577132034869
0.5384414559403167,1.9074083840355258,1.4845498797525232,1.732971249426493
3.9983767998074646,2.2554948640475043,7.226634746851721,2.8544695739084225
3.2824971989704212,3.3852352083386235,16.071471909506844,1.6426024740697351
1.0110593006124766,0.6147266141285403,12.181112421692152,1.3355021368192932
3.053539616694627,1.5410786460678045,0.1637097082589566,0.25973122247976577
1.4963605805318765,1.3449457247833625,3.6683925231736874,2.249249739238278
2.0427065821270856,1.1708356036573107,10.184322422574253,4.337525744956941
0.32241457415849645,2.113144478663939,5.424103839889925,5.433145114256362
1.3131751134862555,3.6071505916843147,8.028195279344889,2.827631291429194
3.001520680323676,1.345276775385067,11.272553756085296,1.347064686527045
1.0191206087704867,2.4806561703006977,1.9945805082635606,1.1600483046640804
1.884353339643468,2.2680307620939213,0.1542536938165745,4.328259037862942
2.002361216378565,5.313506147950954,6.177306669866811,3.1346593458378775
1.6407214893244155,0.9145933811146344,2.2354006434073583,0.4209161706322926
1.0937900880442346,5.121385123289523,5.270524676634779,1.6796076079623687
3.2066875132372057,3.424960371570369,4.778431742876429,0.39466264551624153
1.3224290574513098,3.1624698838309397,12.251975267220754,2.1371211094970857
2.2770111701445077,0.7793349157664238,3.889064877923834,2.038721481426659
1.5857484682738343,0.46090258620780117,5.446908378300492,6.88278752317663
1.1037158912628984,2.050682346055855,9.709444943692805,3.646588578666808
0.4793351915418842,2.161377977021565,3.264878938162987,2.4984833857360575
0.1309881514751776,2.5519182858900846,3.7170727569505235,1.9521482312752978
4.163276912328052,0.536756368959752,3.398172426974531,3.0526883078707727
1.934369497894412,1.224954174487517,6.128401796546244,0.3007329287226963
1.7816269221931746,1.926872005883557,3.150562596927808,0.37012747579817556
0.7588393119559105,4.0534910120387755,4.621172293561782,0.766359783007857
1.3200588621637797,2.8936479513084437,6.906508505097706,1.9452862342923105
1.1252404566098928,1.6641092968791407,8.90857825553442,2.3230171936199
2.12788731090785,0.8937897535138397,3.2868662722535826,2.643454725045342
3.2975502407687203,0.08163234608610104,4.264251219424028,3.6087845060928183
1.089624692597331,0.27232208895754784,1.8474689118412417,6.362025420014785
2.613758282866909,0.6022890761329801,3.048833240618757,4.398896688868756
0.23452787396889418,1.4714635667273002,3.7962223850152683,0.91026492435643
0.4687840416097184,1.768988778149678,12.443129013948901,5.1093769878273285
0.5787782382335569,1.3661926248589935,4.056710637011472,3.9587693186684403
1.0552650104368986,2.258187791157883,4.57132656333607,4.005095073436282
1.577479700822275,2.657591830709615,5.456226250538754,1.1639272433308088
1.1330391353721823,0.4962317947081189,6.3405454244348025,1.7710488084015013
1.699666562250842,0.3114974422024744,10.198992193351389,6.956550378833754
1.464842624897221,4.917670502371553,11.763243167261242,4.619869698079004
1.0461567212497878,3.4296703105357804,3.748544203718858,5.317620203353176
2.122011408893975,3.0746647502447084,3.842157486956599,4.00075834610618
0.7878572123741717,7.107798721663907,0.4961020422286885,3.875690507724342
2.232660810755226,1.4972256723074173,1.279251302524544,1.5953131563793008
5.21457253957433,0.9167555229034663,2.362122155614463,3.9946258655463662
4.54407064385963,1.259348734299712,6.537292808010196,1.666683384936536
0.30329495333209244,1.4892039620510786,6.832721307762634,5.795958897840097
3.2981210965219434,2.093016909459884,8.56755297067054,3.7314986873849048
2.3793356330006024,1.5446512332857332,5.910044119042174,2.3220386139832816
3.169911995446699,2.1640566319865258,0.9286543240590339,2.3532930086228165
1.9166786850382738,0.09368815221629127,2.1364157131367536,0.10434307966217135
2.1027973414967245,1.182550314493972,8.198721086877843,1.4894792853691552
0.9231083486003709,3.004427201909387,0.8026259603018999,2.757783669126386
2.761597969241014,1.6306122148294797,4.288232057950179,4.131819065420613
2.3577020448362194,1.3202104565992576,3.535932083289829,3.951999157431007
0.8339400422682924,1.4579334771467785,4.500190354675519,2.9958895343267278
2.975979283925703,5.75103835363723,9.40425319869034,2.009424170643912
1.2006130848664,1.9535819819036557,5.132727325625215,3.5582774398994124
1.7445951022156774,2.267406237413574,7.272450074944551,1.4878975393118679
1.2497982379815795,1.285415783630912,2.5917786971472596,2.8589898641592084
1.1350585079016784,1.2140014744560181,4.236743497485339,2.4769982307612244
2.236051250584384,2.4793457290358596,1.047439468786314,2.243697845023199
5.472821420299108,2.6252710348859947,0.9222479796058822,5.879481913095111
0.4854222842893407,1.2564870048954018,3.691526165578871,1.795556760637369
5.846272124952873,1.3297805994226282,13.394759910214688,1.456312752888738
1.8572203009394581,1.5919561359711052,3.118266119265072,6.8698754119757455
2.040636614489005,1.5474150740599866,1.902638987801541,3.8172402651140827
1.423522805656742,2.4980092943363483,6.856097008701455,3.0077769118838678
3.36850071855773,2.0028568713570887,2.899010608775664,2.7074170748033426
2.211562684578079,2.493719070616131,3.527589714369829,7.416177257999346
0.39314428785603933,0.6969575957308132,11.647738280408324,4.324287658343173
1.446112281240466,0.8202346081939533,12.096914883613998,3.450917508802954
2.0907857029114054,2.725393275052463,2.0999669730101584,3.9096645945916055
0.8061134793244961,3.2592626147216683,6.5571772319296855,2.770401254626515
1.4760766272029655,0.600470330961964,11.186326383296203,4.197537599958346
3.4104726525024596,1.0029545811919716,10.039766073028298,5.819388156507321
3.7218169026122183,2.7731401563461744,2.072813411156775,5.678707923682967
3.854796635816164,1.7058103805082767,1.140020067051227,3.7901711404611595
1.5251503164676026,2.3401582259660647,7.050529108992397,0.5812311719086819
1.447137329027528,3.571857382137033,8.537049346331322,3.0199276335891163
2.3396184556863076,3.3828762592443735,5.6005670277661865,2.899434390472043
2.1527436723037936,3.2467410936803147,11.224175632374283,5.434862491121615
4.224563750908851,1.1005201376533296,5.918468829677045,11.777103907904266
2.1259287545733074,0.49881479717226934,3.650813497255472,2.0825221010645354
1.7611171505528216,2.629869042645928,6.327979006741375,0.7371833397029111
2.3392015680424785,1.3574687120517865,7.228291370815737,0.2415934957073585
3.754577427154801,1.6096637138391998,2.560444016096035,0.9802377810090843
0.32454764118995094,3.143604663606036,14.158304138098043,1.682514599609376
1.341204391171938,3.595389852637294,2.190064920477214,9.993769145369813
4.976593708334276,0.8873056096575825,2.9380063075501,6.127354946710747
1.9898931991180868,4.569630549166123,6.839284879441559,2.1606297482918
0.5589076742173745,0.19356462830352242,2.6192076418032375,1.950730219968123
2.5253741064143966,1.2879502088575991,6.361740031597636,3.6283430559921808
4.398544794580083,4.200841207172104,4.8353153417718815,1.8656103205593015
1.9256532033824862,0.9284735699115769,5.017034280291235,6.941084290454686
2.9484050199465157,1.4159538103947504,2.8894721877499023,2.3819607369196967
0.7270696603538025,1.0263288341238495,3.800146987310261,4.523503828340099
0.6297215687695618,1.1663867631622158,2.382505610173332,2.879804697310898
0.6129818338767676,1.9438145496536896,4.271094737911455,4.8100120996352125
1.2499715234454976,8.412447730828502,2.8574710207544287,0.4749583694665126
2.1346728093354157,0.8944774311906056,1.8429921301086907,0.9306040403985316
2.6426001012858538,4.312843225504838,7.936028671869478,2.67113201694437
1.7944330381608846,1.9835194280970747,3.4172717509210724,5.553343794812984
1.1930557381322222,2.175516948474027,7.184532904564131,1.899868619223815
3.541637637408563,1.5347224220212017,0.20362680848681197,1.6170730363535206
1.0393453813113191,1.0337340295458155,8.530666956732142,1.5268062346762437
1.5557481840814826,2.5091340975012266,4.260643585095986,1.4907092220520415
1.3756752972455295,3.970025876846511,6.391937008286099,3.3493253949623973
1.6985435505642181,0.484366898732831,2.44783285118689,4.531605848628907
0.6161453033463786,2.8959241814587973,6.351181009632828,0.5040495111444858
4.27507091388218,2.24523322231022,1.48722906915118,6.788375857703851
1.1164024154997079,1.1076971971139962,10.027919449407392,1.7444272988262253
1.3248790923296039,3.798103695678384,5.429158447842337,4.218238785854661
3.791618397980942,1.6990152223376707,19.117910522334814,3.537714025546565
3.9799032536972665,4.3209045489763005,7.285265486625038,1.7000853829900915
2.166899427697771,3.0223268437014235,2.4930282554559113,4.2537520691594
0.8453524475793095,1.5816484788059382,9.662144177194318,2.8191015260423353
1.948416867536584,0.913033980915976,2.5182725134709565,1.9052795311459336
1.573992198998718,2.6562917188002193,9.46122755273623,0.47460108495237713
0.2708746392931742,0.9056012443003114,1.7654845005403046,7.645497636224741
2.3034523292894558,2.318839025923689,8.324421394902224,3.329078846607281
2.3215435958304127,1.8319319980448177,5.398619340970443,2.389743441756964
1.7924497976246434,3.863379315689699,2.823761460606674,2.9582334465535087
1.5658430771668352,1.4441863694791643,4.138328445469303,7.958821356897651
4.298580122664779,6.263801117267111,6.2911692030702575,0.5917835927356221
3.0782430083035637,1.1565253266479423,2.1236586884541873,1.895108339874326
2.063168024265962,0.5840314476271403,3.7995844808984938,2.3053797911046363
0.8980286288606045,0.7670937787893175,1.3517523655084933,1.0678688538865282
1.2441676621027273,2.5341060931492456,4.473255572249771,1.2029892843725083
3.8497928932013137,1.927623206855351,1.3419927513405956,2.2010722949750594
1.408467202200732,2.046624852284733,10.246800443423837,3.666962066056379
1.9723267239120121,1.2844617498135564,1.9271111337550562,1.6431619635456547
5.4342208486277,1.1017890864290714,5.2774143790118,2.6435011562915562
2.2550523402546463,0.28056726179884633,3.7941634388964403,2.474765102407476
1.7746798078488377,0.16734045557729002,2.8535958558590453,1.7358054073146971
3.997432458414673,4.226391434536767,4.962730412649938,0.9443672272370063
0.5894662383593967,1.2760062052877579,6.212253578463854,6.486102174180082
2.7537485125034373,1.8547373676125083,3.4528684518997474,0.5155410363398573
2.595165840697182,0.9397110722083365,3.2076649045216614,0.40526181474544376
0.9517576199236626,0.8023967418234053,2.877220203541838,3.2542013569242147
4.4852304817135575,2.2578354023146643,4.813070214372712,4.7851556792955785
1.790880216258483,1.9271326797559956,1.7902639016569104,3.019344973516011
1.4118604273380544,4.817650847840077,2.9675368662997608,4.063911181378424
4.6054243929602325,4.744954242856477,0.6487487496754456,3.380960145853625
1.3972944562162524,1.8113945197485304,3.9967680318084042,1.6435483743176449
0.7613230622948842,1.3671094310725327,7.808417136234947,5.5395191817155265
0.4462375163928922,3.775375712536621,9.351442703630767,6.065628384397959
1.9758105982618028,7.41727725576272,1.798591847556903,1.987215917894524
1.0864560412919517,3.243695444326576,5.298265318360483,3.1042291059250875
2.0741359161814414,2.4537083866222145,7.914039610443718,1.413627125052894
2.345083228444363,0.4929800250680359,2.0088926975963797,1.6869962905243217
1.4054141120710353,1.8722902138293078,18.289754782981106,1.388154860188179
1.0689938707966526,0.8713409216420561,6.433799102701705,3.9802989435336613
2.0676795913049313,2.291908930234598,2.830658335757673,4.044135249242169
1.3868541165333275,2.7730443443272574,7.769771085230654,3.1894529471226067
0.23007524554401537,2.3766835882637194,8.292324454521124,1.3017889651982784
1.0991929992383278,1.7384938110261405,4.416564410590493,2.0135733174102075
1.3700260088917147,1.5092351953133984,7.949281807178728,1.5948465124925861
3.3661521080576917,1.272049843360385,13.86534331953933,1.6237305131894628
1.2201467813929876,0.4715833826669184,16.146653785237763,3.2827590993300317
1.328818085871388,0.6956691420347842,0.6218083185661845,1.5671302550283248
1.412953846040292,1.9434834877544187,0.4344215511944568,0.9523154699915278
1.2985792715115838,0.23041705093108578,15.011576788841957,2.0041913580392725
0.7163898192498497,1.0543593409146266,0.7655205219071279,1.4015211659578837
2.898428075180261,0.11648984425392933,11.803462394301613,2.0672107301906104
2.150073142155602,7.202449844354342,12.394694572125827,1.3797574675360407
1.0264995513757575,0.48986856093951564,2.6518078305071553,2.991263375383181
1.4318428775323193,3.2530399134967998,0.7337183416481156,2.2829645675840586
3.877088951694545,3.1236651101051898,3.741275379235775,5.408225709139493
0.45379042156711347,0.7084803295727145,3.472622358331116,2.866192137975767
0.9544665607787366,0.752820241508632,6.772067403041067,2.0542815331964643
1.421372867835949,5.264538153452491,5.1334853241843375,1.9831317724063404
1.3836554061376671,2.645859575015201,7.186609655921104,1.0561054814755835
3.9495582495975565,2.101242052484695,1.7744365478888646,2.725589663141639
3.910740280049181,0.5792955684365801,15.63297231292257,4.263270435334171
1.0265708849460407,2.0682694470561334,3.5779104435477507,4.085313898168794
1.2422453871714256,3.094116200293958,4.769883483311425,5.9650321168430755
2.365928057105428,0.9254719810354184,5.105059986168211,1.235510345473514
3.111691181157178,2.4246021329116876,2.2722851732434686,3.9062174813011277
0.4507307155239405,1.9184949854590436,1.7965263626161243,6.9389233145257245
1.5104664599620319,1.9417059120232671,11.513424940585603,8.101830046330445
1.722810745869514,0.6993735549268547,8.226943514554584,3.5036892357910983
3.719831529316975,4.011924255538876,1.5875518395618897,1.8126801263795214
4.766308752252104,1.1789265060774747,2.2308998535490767,7.486222074089684
1.988090445910241,3.5096847319878233,5.497791460171954,2.3549439997063963
1.5385114297794014,0.8722752497740712,4.311468607696613,1.728823484708891
3.505720334363367,1.6830260013222158,4.991259219553942,1.752456570857627
1.228090357212948,1.2689691700472014,1.3294057057721593,2.2473787902385505
3.1998670598981933,1.4605087812378106,3.979332401487679,2.5340112266172556
2.192613466209104,0.7550330171995695,3.6695879570179937,4.085857032051854
2.867178373549217,1.0827043571676807,4.1416141097116235,1.5599550233737693
2.514126207242317,0.4334342298378774,7.255884432650321,2.4252508071514454
1.1936136913916378,0.9495256124539527,26.402739269629944,4.529149916745654
1.664136504068874,2.287179538824915,1.3998239021362266,0.7425988239838335
1.9693700043032634,2.9181608310125196,4.028490917371567,1.618511006996464
1.9100325731927374,0.47882454912064215,5.271125609434145,4.052189129979402
5.799177293678456,1.6338556947505087,8.608513123923494,5.26412607318769
5.720684143815449,2.025534878435406,6.167838926379321,0.9766764512719979
0.7535262522325843,4.918685180188311,11.275054300605293,2.066197560104797
1.0688315576727467,2.577680304303498,4.49057864641535,1.0146036885011749
2.5792015036674703,0.5561096939988668,14.074663262408109,2.615190323424546
2.2391228747818066,2.618652307999461,5.154765906230789,3.846373242105173
2.7314048788604226,1.2854285694521168,8.571007972403178,4.282472775559696
1.2782585457545457,0.7085272005654324,3.1770016635199596,0.15720616209065486
2.5088333834566954,0.48088136283910454,12.067189302618353,0.2643467161511907
2.1625975668708937,2.289297836313648,2.192130176552015,1.471466841308366
5.212861039104663,3.066224121126739,14.140557606657232,1.048802301191387
1.4970543887005436,2.8628263426138734,0.5878331885124212,0.4949941354475974
2.8562200451705575,2.892111062074328,1.251967867756742,0.792633454610723
7.96386252051108,1.5176047934276702,15.130295345926829,8.954018698647092
0.8649084117325023,5.832283957533048,2.471547397381981,1.2490509581172846
0.1759178664711067,1.5760834955715517,7.618805494213143,2.4729038851436886
0.37372477480499383,0.6283305410721467,6.840463228215418,0.773891202044744
3.6342377591604236,0.8335888028837112,5.330067504405103,5.858324701518746
0.4389518329319799,3.6284965781757914,14.251982697894377,1.069926790871676
2.5343541251409003,0.4643370498995522,10.329273058083267,2.72868421784194
1.5929836218581026,0.09904502241484339,2.838663276850921,4.362991142903862
2.994197009751669,0.5920564161745193,3.9397628414104826,5.18359437018711
2.9275750070602977,2.585594182676289,4.217503813052211,3.2398351015390894
1.1175225660168426,1.5669982682556105,3.122911803369493,2.8099234992905
0.6775362669453221,1.50614456139165,5.790689353055416,4.045945936035259
1.0050076302506192,5.234564224247754,4.948853591509872,7.632956719691812
0.20146546612119728,1.7381406286506755,4.669036473533843,2.50268282556623
1.2674772263086227,1.26300323557604,4.769003412132646,1.8469478703614381
4.214644089457544,0.49766247053166107,2.9295532375439133,0.77576459419998
4.183376112098406,2.177882558896168,3.732061827877036,6.168401254523351
1.347864826757833,0.2210257156081624,7.281613984786177,0.7191106690404314
0.5142520160871019,0.6679534476167993,6.475356479586029,2.6144022554178883
0.03207335050977613,1.5045859194213251,6.208277178797847,6.149794424025644
2.2926305422725552,0.9072667755424606,3.6199514133348094,5.435043995206421
1.6457343461511118,0.7764097509628164,11.965523241942067,12.904054704038451
1.3607980283015877,1.2411251523119013,6.741904308572833,5.29533321457066
2.963212723127135,0.7762486850281778,6.5872244336954004,0.4293758944234304
0.6371912901261361,1.362203550612282,4.191205712422852,3.5362902577894593
0.15683565485845608,2.5520335246168195,5.947815404225736,4.812619329982194
1.8210935076871313,5.4069629325649515,3.4930334232621316,7.4452078619945175
2.24959278581622,1.2148711369036207,6.023026969411244,1.2816610102754873
1.9129070799954566,1.2801066225316662,2.8029243251191795,1.0697731466925688
1.0779161130621222,2.110006531813433,5.002244127305442,1.8590539538902806
0.8684027263568913,1.7504133188717317,9.325499137824714,9.883140174289618
7.83532034812234,0.9695984551269975,2.4708250872483934,0.3376611792679526
3.0907403185012976,0.80986582679615,2.155368082304473,0.5127263540620177
1.209849780205122,0.14503406620349363,8.589858143430561,2.9583918930084474
2.352564850303524,1.4941750409097185,12.926433521248038,1.720817335728463
3.990524117168685,0.1483379440052672,4.505547019991415,0.406039551210648
0.4707156476741259,0.9714497685590479,2.575176212016516,0.9015526535630274
0.9853483506898999,4.306440084267873,7.72296039140349,1.5009709201171826
2.402408748438289,2.0444792515059254,6.208997458890407,0.3920727309664106
5.436659882599283,2.144312404383921,4.427144039876504,2.387127289474228
1.124702711198875,4.579718027151544,6.813793377354421,8.114651473952637
1.376332533982154,1.8200433970713659,8.738787073799312,7.254490358609676
2.3110035831156956,0.9845659898701833,5.877926193600829,1.5265247781240974
2.579441962053361,0.4063609830476602,13.776144591225895,0.30573412726229854
2.498603121027978,0.22634549842018278,2.2330486215100365,1.5972263434136784
0.46879715247883563,3.885581952108878,1.5986441892072625,0.910146246652618
0.6804130044701362,2.3267468876363724,13.171452215321114,0.7178557267301539
1.8240251288682472,2.477235972594069,6.7459610324548205,1.2174813054293732
1.009849327354365,1.5343284035100073,8.76038498486574,1.834304064767096
0.2757034698574681,0.48555180838621004,0.9398075319610975,2.5890720315214284
5.364680173798836,2.701396413118768,1.8971481939835355,4.173274742302829
1.9847958816106153,2.0219239238980697,1.4695260853398253,1.8164973742023272
4.1036785213958105,1.2798075014796892,9.341484949350217,0.5243912675921935
0.8669165156408436,0.11401756350643218,3.4546686846407066,4.47818549724358
1.5405157952706792,2.2318947088143735,3.265225691865653,1.6407388047500713
2.396351822925344,0.7521939353312713,4.753046545384851,1.265778033398308
2.1704301057954294,2.0121776768320316,5.887304382268143,0.38420706218871614
0.16913259554567098,1.9221122462213134,0.9486467657314024,1.4113001845238138
4.598706686881276,3.709855028748292,4.773802920419068,0.5978256899884243
0.10150759307797802,3.830220176097512,13.346233283206193,0.4783012973029938
7.028684873034676,1.628368956746958,2.4098872474939057,2.1591725851334145
2.0580964580247842,1.6766541922143945,13.089436994945695,3.113476785437729
4.711032345846843,3.479035962373267,2.1536930692224865,0.8438586478111658
0.8168711127234143,2.4815877108778803,16.20184795993001,2.42719419584754
3.794477769595603,1.2373015541622925,6.738960557043395,2.0129995142431554
0.7736496312778478,0.36460528437498885,3.128995775803716,4.167640786182622
1.4202208185626668,2.036346683064618,6.02014516626646,2.7364090636600737
2.0935588076284293,0.29243459351564566,6.058582679848536,2.704700242261522
4.548248419312929,3.877983277296872,6.608518375268973,4.382908101872497
0.8489302476556038,0.22932835988702263,0.5945731988607167,1.2333725020935526
1.3141283984332177,1.012187221888319,5.771631943674883,7.581288686366131
1.8979192790285175,0.16532871750454184,0.9082938415846953,5.110467071719409
0.30175467949549606,1.2316123568525743,11.567152192245407,4.205790243233745
2.316190850450484,10.981201974937921,14.045558771975399,2.402235948454944
2.670332961205296,1.1580429204332243,2.4643823019286057,0.6371088068040452
1.8201573169989846,0.18564981057246238,6.167350653573824,3.9330262667230516
1.621555325780083,0.8547616348162723,1.2557240582034022,2.23449917935365
8.946724222289246,2.038183715139275,1.032499576420677,2.7291616958203395
2.8678139764448267,3.481608916568698,5.165997973161959,1.7803784092707868
1.448215758606849,3.6116252346410267,1.938220947615593,3.195741019583826
2.611942661769658,3.407305885294067,2.4670569071419997,2.754276051493317
3.3352391047200323,1.2823496135781554,0.4736205784642131,8.076560806386485
1.420316947627596,2.1565854699985105,13.323799001906027,3.9972451709575676
1.5376369748430079,1.7983755731487625,1.046641423449659,0.32667102496530087
2.9669938962348126,0.24072346547690152,0.4374691995905635,2.8719102844097755
1.5420226862598228,3.0562992162886196,0.6729199907985338,1.4635219396932064
0.6042686324090127,1.2901641908384942,6.804197177804116,1.8639653179510534
2.5058161990655945,1.6087551310315844,6.0839497827173465,1.6007857643378083
0.7229575971319911,1.4484074265241995,11.61928473469813,4.235022817216456
2.3338317894816547,1.3802254737929014,3.640969242359079,3.8494072372847365
12.20276456000593,1.5911394636304952,3.300767803375474,0.6295189857465142
5.179073857101224,3.4482591763962755,6.912482202008247,1.7188222325086806
1.9701957266271584,0.6637324031309826,7.2664736759415955,1.3925587260174754
0.44580598199577975,0.4411749717466809,5.40902673489902,3.5407563617799624
1.6511730934407174,0.7562572098039932,16.796506919011325,4.534354271551328
4.157866998219228,3.0128874659729883,3.053236829591606,0.6959561011046107
0.6865363855731215,4.846997682121963,3.899868908069031,6.068284879428048
2.0633122981365055,1.5299335881388356,3.2020169272251016,0.8213328749949135
1.9289176568365434,1.036849397581236,4.428553552438622,1.887407602555201
1.725195341717422,1.4890902714090766,3.063083086665295,5.41837751770578
1.2334050006868003,0.5252638467619501,4.059501869729415,0.0723476424056171
4.874741857842916,1.7335436091970289,4.547136848226057,7.434139231797099
0.35329580790977616,3.2659420641716426,23.372154713897185,0.5928985850620758
4.814947681341956,5.515519473313855,0.881972325113072,1.4194711631433354
1.6094350760360925,1.055803380031092,6.942765756078398,1.565392921701518
1.3732774500103058,2.1789052886830786,5.364385165928473,2.890846167284541
1.8385648711559144,1.645965460806495,3.4972983325868947,0.2470152991956352
1.6279570370665106,2.908461988073054,4.361524750857254,4.333947326930178
1.1611514563744814,3.3003200843603224,7.42478052383545,10.94498108485401
2.101016321860955,3.1047091126062543,14.466887675400589,1.8407019148179136
2.0416697139220092,1.137210776681098,3.0707516246884765,5.1409569869404095
3.6189956854621506,1.7532231871689539,5.526756005733724,3.3428531352838666
1.6565349401679408,1.6420465296954843,2.8771232050477087,10.868513163551198
0.6951916113267164,0.9159040296195087,6.007475463192813,3.3175561320163274
2.7369303676687204,5.245253612220347,2.2000646472031944,4.9025968798569295
3.700852203299274,2.347935906577809,3.388953741166622,1.1218608715881204
2.865077811055157,0.49349629699451997,8.937561228166858,0.9507218261584525
0.8897837326337176,0.8605862575191886,3.614918126991408,4.80412707102148
2.0838953732359076,1.3234188205053101,7.763468779532355,0.6761857058337359
0.6899908917951803,6.247476226811985,12.723607742557121,1.5410853861232119
0.9732165949678819,0.8730372995469678,1.5707659188601828,1.4711581934111067
4.3090782957759055,2.1908089123116032,12.409666231402863,1.2900064842808785
1.9968643565420696,3.731250778817564,1.6984764382281605,1.9522580128783567
0.41186075108249004,0.29126145388762287,4.384990581429682,8.732379817975449
2.2071549680112748,1.7831242664592393,8.059270562887518,2.606376929136711
2.8273356344939033,1.5552271793568722,1.4098481567878292,4.5159457185711895
1.158090085277824,3.1143769460114306,3.4689091493900834,2.487219873707454
0.8174573361426564,0.8632855141121373,5.9800698760829825,0.6258472267861896
2.4898086059620006,0.8410582721619244,3.4410055145005662,4.631994404693989
5.814931844142669,4.518581731629757,7.462355736965228,6.23737942605025
2.685286594686554,3.4956407826155345,9.634686104548521,3.876796246636461
1.208378912294472,2.493617968832253,2.4182564097953474,3.5571325056373766
